total_spend,total_impressions,total_revenue,total_orders,date,no_spend_flag,no_sales_flag,roas,roas_label,avg_delay_minutes,late_order_rate
0.0,0.0,16066.04,9.0,2023-03-16,1,0,,Infinite (no spend),5.444444444444445,0.7777777777777778
25626.100000000002,62246.0,10818.65,6.0,2023-03-17,0,0,0.4221730969597402,0.42x,1.1666666666666667,0.3333333333333333
27163.09,51769.0,18575.53,7.0,2023-03-18,0,0,0.6838518739951898,0.68x,3.0,0.5714285714285714
27906.33,55813.0,15214.11,7.0,2023-03-19,0,0,0.5451849096602813,0.55x,4.142857142857143,0.5714285714285714
31064.980000000003,38096.0,11312.74,4.0,2023-03-20,0,0,0.3641637625390391,0.36x,8.0,1.0
27017.05,52805.0,28755.25,13.0,2023-03-21,0,0,1.0643371500589442,1.06x,7.153846153846154,0.6153846153846154
28323.260000000002,53463.0,18591.74,6.0,2023-03-22,0,0,0.6564124327496199,0.66x,0.8333333333333334,0.5
27045.96,49604.0,12322.06,5.0,2023-03-23,0,0,0.4555970651439254,0.46x,3.4,0.4
28801.22,44319.0,5978.53,4.0,2023-03-24,0,0,0.20757905394285378,0.21x,4.75,0.75
29399.86,48619.0,28272.42,11.0,2023-03-25,0,0,0.9616515180684533,0.96x,4.545454545454546,0.6363636363636364
25470.0,53345.0,16496.66,9.0,2023-03-26,0,0,0.6476898311739301,0.65x,6.666666666666667,0.6666666666666666
27386.28,56171.0,14704.150000000001,6.0,2023-03-27,0,0,0.5369166604591789,0.54x,5.0,0.5
28359.96,35530.0,20663.71,9.0,2023-03-28,0,0,0.7286226778881212,0.73x,2.5555555555555554,0.5555555555555556
27849.61,45370.0,24792.6,10.0,2023-03-29,0,0,0.8902314969581261,0.89x,3.4,0.7
24875.620000000003,49160.0,16978.190000000002,7.0,2023-03-30,0,0,0.68252328987177,0.68x,8.428571428571429,0.7142857142857143
25043.99,45229.0,13336.58,7.0,2023-03-31,0,0,0.5325261669566231,0.53x,4.714285714285714,0.5714285714285714
33938.72,54833.0,12774.35,6.0,2023-04-01,0,0,0.3763945723350792,0.38x,5.0,0.6666666666666666
26661.09,53935.0,21450.99,9.0,2023-04-02,0,0,0.8045803828725683,0.80x,1.5555555555555556,0.4444444444444444
27108.149999999998,58319.0,15198.35,6.0,2023-04-03,0,0,0.5606561126450902,0.56x,9.5,0.6666666666666666
26343.16,38891.0,16662.17,7.0,2023-04-04,0,0,0.6325046046108364,0.63x,3.4285714285714284,0.5714285714285714
29948.39,52641.0,23116.06,9.0,2023-04-05,0,0,0.7718631953170104,0.77x,2.0,0.6666666666666666
27651.14,41639.0,22488.07,12.0,2023-04-06,0,0,0.813278222887013,0.81x,3.5833333333333335,0.5
27081.11,56356.0,24881.99,10.0,2023-04-07,0,0,0.9187950567757378,0.92x,2.7,0.6
27280.03,54100.0,13823.65,5.0,2023-04-08,0,0,0.5067314808671398,0.51x,7.0,0.4
29355.829999999998,49435.0,28630.09,11.0,2023-04-09,0,0,0.9752778238598603,0.98x,0.45454545454545453,0.36363636363636365
26675.940000000002,56895.0,11178.87,8.0,2023-04-10,0,0,0.41906189622558754,0.42x,4.0,0.625
27431.69,59406.0,29017.84,11.0,2023-04-11,0,0,1.0578218111971958,1.06x,5.363636363636363,0.7272727272727273
25850.47,44903.0,9790.97,6.0,2023-04-12,0,0,0.3787540419961416,0.38x,5.666666666666667,0.6666666666666666
25834.809999999998,50959.0,22465.7,9.0,2023-04-13,0,0,0.8695902930967947,0.87x,4.555555555555555,0.6666666666666666
30239.84,42503.0,14320.25,7.0,2023-04-14,0,0,0.47355574632670017,0.47x,3.7142857142857144,0.42857142857142855
29904.449999999997,38014.0,19029.83,8.0,2023-04-15,0,0,0.6363544556077776,0.64x,3.375,0.625
32249.5,64579.0,24965.69,14.0,2023-04-16,0,0,0.7741419246810027,0.77x,3.142857142857143,0.5
26033.25,38495.0,19978.79,9.0,2023-04-17,0,0,0.7674335705299953,0.77x,4.777777777777778,0.6666666666666666
26741.04,49548.0,4790.4400000000005,3.0,2023-04-18,0,0,0.17914187331532358,0.18x,-0.3333333333333333,0.3333333333333333
27306.98,66121.0,18451.08,7.0,2023-04-19,0,0,0.6756909771787287,0.68x,8.142857142857142,0.5714285714285714
28298.010000000002,50378.0,935.64,1.0,2023-04-20,0,0,0.03306380908056785,0.03x,12.0,1.0
29679.9,42395.0,36532.44,14.0,2023-04-21,0,0,1.2308815056654503,1.23x,7.0,0.7857142857142857
26249.87,55173.0,9892.36,4.0,2023-04-22,0,0,0.37685367584677565,0.38x,6.0,0.75
34196.04,56734.0,20836.72,8.0,2023-04-23,0,0,0.6093313728724145,0.61x,8.375,0.875
22860.98,52870.0,11836.18,8.0,2023-04-24,0,0,0.5177459583972341,0.52x,7.75,0.875
18707.62,52620.0,35852.68,13.0,2023-04-25,0,0,1.9164746771636372,1.92x,-0.23076923076923078,0.46153846153846156
27361.84,55657.0,23238.07,8.0,2023-04-26,0,0,0.8492875479134444,0.85x,4.5,0.5
31154.45,55848.0,15944.16,5.0,2023-04-27,0,0,0.5117779322055116,0.51x,5.6,0.8
22064.34,53708.0,11693.46,5.0,2023-04-28,0,0,0.5299709848561072,0.53x,8.2,1.0
23322.27,39021.0,9886.64,3.0,2023-04-29,0,0,0.42391413871805783,0.42x,-2.0,0.3333333333333333
33175.79,30984.0,24681.24,12.0,2023-04-30,0,0,0.7439533467025201,0.74x,7.416666666666667,0.8333333333333334
24552.7,60815.0,11941.73,6.0,2023-05-01,0,0,0.48637135630704564,0.49x,3.6666666666666665,0.8333333333333334
26002.89,48350.0,18149.5,6.0,2023-05-02,0,0,0.6979801091340232,0.70x,4.333333333333333,0.5
35611.49,42634.0,30597.04,11.0,2023-05-03,0,0,0.8591901097089732,0.86x,6.363636363636363,0.6363636363636364
30171.829999999998,38485.0,24613.15,10.0,2023-05-04,0,0,0.8157658981904645,0.82x,3.8,0.5
25071.89,41213.0,34989.11,16.0,2023-05-05,0,0,1.3955513525306629,1.40x,3.125,0.6875
28355.010000000002,44554.0,19111.69,12.0,2023-05-06,0,0,0.6740145744967114,0.67x,2.0833333333333335,0.5833333333333334
27255.53,55723.0,12878.36,7.0,2023-05-07,0,0,0.4725044789075832,0.47x,9.857142857142858,0.8571428571428571
22746.9,54482.0,39789.71,15.0,2023-05-08,0,0,1.7492365992728678,1.75x,5.466666666666667,0.6
29616.89,59918.0,25044.04,10.0,2023-05-09,0,0,0.8455999262582938,0.85x,4.3,0.5
29198.29,48943.0,22522.71,10.0,2023-05-10,0,0,0.7713708576769392,0.77x,3.2,0.5
27217.25,33601.0,8654.220000000001,4.0,2023-05-11,0,0,0.317968200314139,0.32x,2.5,0.75
21745.4,42346.0,14554.1,10.0,2023-05-12,0,0,0.6692955751561249,0.67x,0.8,0.4
26371.19,42871.0,24542.98,11.0,2023-05-13,0,0,0.9306739665521352,0.93x,1.6363636363636365,0.45454545454545453
29125.239999999998,54202.0,18174.54,8.0,2023-05-14,0,0,0.6240133986878735,0.62x,5.25,0.875
16707.44,35226.0,11394.73,7.0,2023-05-15,0,0,0.6820153177267134,0.68x,5.428571428571429,1.0
30026.190000000002,59708.0,25881.809999999998,11.0,2023-05-16,0,0,0.8619744962647607,0.86x,3.5454545454545454,0.6363636363636364
29352.06,49907.0,27670.2,14.0,2023-05-17,0,0,0.9427004441936954,0.94x,6.214285714285714,0.6428571428571429
26876.1,46998.0,17126.34,8.0,2023-05-18,0,0,0.6372330806925113,0.64x,5.375,0.5
28787.61,43476.0,28049.829999999998,14.0,2023-05-19,0,0,0.9743716133433792,0.97x,3.2857142857142856,0.5714285714285714
27115.47,53224.0,25268.559999999998,9.0,2023-05-20,0,0,0.93188722157499,0.93x,0.8888888888888888,0.4444444444444444
28706.100000000002,58282.0,7255.2300000000005,3.0,2023-05-21,0,0,0.2527417517531117,0.25x,0.0,0.3333333333333333
29272.44,53580.0,16210.33,7.0,2023-05-22,0,0,0.5537744718240092,0.55x,5.857142857142857,0.5714285714285714
26896.28,52913.0,21257.69,12.0,2023-05-23,0,0,0.7903579974628462,0.79x,8.5,0.75
29403.95,47816.0,18099.21,10.0,2023-05-24,0,0,0.6155366880980276,0.62x,7.5,0.6
31376.78,43396.0,19845.84,7.0,2023-05-25,0,0,0.632500849354204,0.63x,5.0,0.7142857142857143
28916.19,56409.0,14152.380000000001,5.0,2023-05-26,0,0,0.48942754906507396,0.49x,-0.4,0.2
34771.270000000004,42514.0,23456.63,9.0,2023-05-27,0,0,0.6745980230230302,0.67x,5.0,0.7777777777777778
27089.920000000002,59247.0,11042.86,5.0,2023-05-28,0,0,0.40763723185598183,0.41x,6.0,0.6
23033.3,43105.0,10513.52,4.0,2023-05-29,0,0,0.45644870687222416,0.46x,3.75,0.75
31766.23,43048.0,13653.76,9.0,2023-05-30,0,0,0.42981996919370036,0.43x,7.555555555555555,0.7777777777777778
26747.55,45182.0,11771.74,6.0,2023-05-31,0,0,0.4401053554437696,0.44x,2.0,0.3333333333333333
33435.63,45150.0,15113.53,8.0,2023-06-01,0,0,0.45201869981214654,0.45x,4.125,0.75
24130.420000000002,37331.0,20067.61,8.0,2023-06-02,0,0,0.8316311941524432,0.83x,0.5,0.375
34075.03,39834.0,3003.76,2.0,2023-06-03,0,0,0.0881513530582365,0.09x,-1.5,0.0
27409.84,49472.0,5302.879999999999,2.0,2023-06-04,0,0,0.19346628801919308,0.19x,9.5,1.0
31775.06,42680.0,17403.63,8.0,2023-06-05,0,0,0.5477135212333195,0.55x,6.75,0.625
28587.49,54492.0,9082.77,7.0,2023-06-06,0,0,0.3177183446325648,0.32x,2.2857142857142856,0.5714285714285714
24288.93,36703.0,33766.89,15.0,2023-06-07,0,0,1.3902172718188903,1.39x,2.3333333333333335,0.6
25775.05,52266.0,16053.81,7.0,2023-06-08,0,0,0.6228430206730928,0.62x,2.0,0.5714285714285714
21004.21,41335.0,27769.83,12.0,2023-06-09,0,0,1.3221078060065103,1.32x,2.8333333333333335,0.5833333333333334
27632.29,47272.0,32749.22,15.0,2023-06-10,0,0,1.1851793680509288,1.19x,2.2,0.4
26931.32,47675.0,8295.529999999999,3.0,2023-06-11,0,0,0.3080253771445291,0.31x,0.0,0.3333333333333333
27303.17,61868.0,26338.32,10.0,2023-06-12,0,0,0.9646616125526817,0.96x,2.1,0.6
28755.129999999997,51197.0,8347.7,4.0,2023-06-13,0,0,0.29030298245912994,0.29x,2.5,0.75
23573.45,51960.0,20914.0,9.0,2023-06-14,0,0,0.8871845232666411,0.89x,7.222222222222222,0.8888888888888888
24349.66,39948.0,17130.42,9.0,2023-06-15,0,0,0.7035178314604803,0.70x,6.666666666666667,0.7777777777777778
21597.21,41959.0,9730.5,5.0,2023-06-16,0,0,0.4505443064173567,0.45x,4.6,0.6
29442.99,40672.0,12033.68,6.0,2023-06-17,0,0,0.40871120765927643,0.41x,-1.3333333333333333,0.16666666666666666
31509.23,49387.0,25493.07,12.0,2023-06-18,0,0,0.8090667401266232,0.81x,6.333333333333333,0.75
25324.44,55698.0,11675.45,7.0,2023-06-19,0,0,0.4610348738214942,0.46x,0.14285714285714285,0.42857142857142855
27647.6,58899.0,15850.75,6.0,2023-06-20,0,0,0.5733137776877559,0.57x,4.833333333333333,0.6666666666666666
28875.08,45752.0,19518.31,10.0,2023-06-21,0,0,0.6759569150977244,0.68x,1.6,0.4
29339.9,47982.0,11921.16,3.0,2023-06-22,0,0,0.4063122232863779,0.41x,-0.3333333333333333,0.3333333333333333
23552.56,52159.0,18905.1,9.0,2023-06-23,0,0,0.8026770762923435,0.80x,4.444444444444445,0.6666666666666666
25897.510000000002,47126.0,24550.28,11.0,2023-06-24,0,0,0.9479783963786479,0.95x,3.6363636363636362,0.8181818181818182
26216.86,57899.0,5019.389999999999,3.0,2023-06-25,0,0,0.19145656649957316,0.19x,-1.3333333333333333,0.3333333333333333
27522.19,69258.0,13415.52,6.0,2023-06-26,0,0,0.487443768101303,0.49x,7.833333333333333,0.8333333333333334
20355.83,60495.0,26647.760000000002,12.0,2023-06-27,0,0,1.3090971972157361,1.31x,3.0833333333333335,0.5
28701.87,39568.0,11022.47,6.0,2023-06-28,0,0,0.38403316578327473,0.38x,3.8333333333333335,0.5
26132.5,54435.0,14129.279999999999,9.0,2023-06-29,0,0,0.540678465512293,0.54x,4.555555555555555,0.5555555555555556
27918.100000000002,47938.0,23975.04,8.0,2023-06-30,0,0,0.8587633112568548,0.86x,5.625,0.625
22742.32,50252.0,18508.22,8.0,2023-07-01,0,0,0.8138228641580982,0.81x,3.375,0.5
23532.37,46939.0,29085.379999999997,11.0,2023-07-02,0,0,1.2359732572622306,1.24x,4.636363636363637,0.45454545454545453
26493.65,57846.0,21434.58,9.0,2023-07-03,0,0,0.8090459411972303,0.81x,0.8888888888888888,0.4444444444444444
20392.45,54236.0,15697.289999999999,8.0,2023-07-04,0,0,0.7697598866247066,0.77x,3.375,0.75
25803.28,45343.0,20703.84,11.0,2023-07-05,0,0,0.8023724115693819,0.80x,3.1818181818181817,0.7272727272727273
26900.84,49287.0,14421.86,8.0,2023-07-06,0,0,0.5361118834950879,0.54x,8.625,0.75
30296.1,47470.0,19177.64,8.0,2023-07-07,0,0,0.6330068886754401,0.63x,-0.75,0.375
26249.4,47967.0,15333.19,7.0,2023-07-08,0,0,0.5841348754638201,0.58x,3.0,0.42857142857142855
31085.64,53864.0,20137.66,10.0,2023-07-09,0,0,0.6478123017573387,0.65x,5.8,0.8
28826.17,49768.0,10104.47,5.0,2023-07-10,0,0,0.3505311319540543,0.35x,0.0,0.4
31966.97,55131.0,19113.64,7.0,2023-07-11,0,0,0.5979184139128606,0.60x,2.0,0.5714285714285714
27310.3,44030.0,20348.36,7.0,2023-07-12,0,0,0.7450800613687877,0.75x,7.428571428571429,0.5714285714285714
33681.25,51443.0,15921.59,7.0,2023-07-13,0,0,0.472713750231954,0.47x,1.8571428571428572,0.5714285714285714
30979.21,49645.0,15158.62,7.0,2023-07-14,0,0,0.4893158992756756,0.49x,4.142857142857143,0.8571428571428571
24936.14,54124.0,13837.18,5.0,2023-07-15,0,0,0.5549046484339597,0.55x,-2.0,0.2
30747.88,46580.0,22112.85,8.0,2023-07-16,0,0,0.7191666547417253,0.72x,2.625,0.75
32254.370000000003,42084.0,11037.460000000001,6.0,2023-07-17,0,0,0.3422004522177925,0.34x,1.5,0.5
33523.69,51785.0,11177.13,6.0,2023-07-18,0,0,0.33340989610630567,0.33x,7.0,1.0
24968.53,51329.0,18889.170000000002,7.0,2023-07-19,0,0,0.7565191062509488,0.76x,5.142857142857143,0.8571428571428571
25309.510000000002,64888.0,18773.16,10.0,2023-07-20,0,0,0.7417433209888298,0.74x,2.4,0.5
25020.02,63627.0,8185.66,4.0,2023-07-21,0,0,0.3271644067430801,0.33x,7.75,0.5
30045.06,58482.0,5805.58,4.0,2023-07-22,0,0,0.19322910322029643,0.19x,-1.75,0.25
27647.43,48154.0,34843.62,12.0,2023-07-23,0,0,1.2602842289500327,1.26x,6.333333333333333,0.6666666666666666
20408.510000000002,67186.0,20204.36,10.0,2023-07-24,0,0,0.9899968199540289,0.99x,6.6,0.6
29807.78,50643.0,15587.35,8.0,2023-07-25,0,0,0.522928913189778,0.52x,5.125,0.875
30273.989999999998,57717.0,10864.92,6.0,2023-07-26,0,0,0.35888629149973295,0.36x,10.166666666666666,1.0
20077.73,66332.0,20716.67,11.0,2023-07-27,0,0,1.0318233186719812,1.03x,4.7272727272727275,0.7272727272727273
33136.57,52143.0,36970.47,12.0,2023-07-28,0,0,1.1156999653253188,1.12x,3.4166666666666665,0.5
26012.9,45271.0,14118.13,6.0,2023-07-29,0,0,0.5427357195852827,0.54x,0.6666666666666666,0.5
24284.03,46524.0,22458.78,7.0,2023-07-30,0,0,0.9248374343138268,0.92x,5.428571428571429,0.5714285714285714
23086.510000000002,38857.0,26911.079999999998,9.0,2023-07-31,0,0,1.1656625449234204,1.17x,4.111111111111111,0.5555555555555556
25977.8,40068.0,24129.870000000003,15.0,2023-08-01,0,0,0.9288650309110088,0.93x,0.9333333333333333,0.3333333333333333
19450.629999999997,51587.0,9146.18,6.0,2023-08-02,0,0,0.47022538601577435,0.47x,8.666666666666666,1.0
26333.510000000002,42560.0,17228.38,6.0,2023-08-03,0,0,0.6542378892901098,0.65x,6.333333333333333,0.5
27476.23,45148.0,6605.33,3.0,2023-08-04,0,0,0.2404016125938675,0.24x,14.0,1.0
33366.04,47872.0,25573.71,9.0,2023-08-05,0,0,0.7664592501837197,0.77x,2.111111111111111,0.6666666666666666
27366.739999999998,63996.0,14399.34,9.0,2023-08-06,0,0,0.5261620492612565,0.53x,1.6666666666666667,0.3333333333333333
29661.989999999998,50160.0,12713.65,9.0,2023-08-07,0,0,0.42861756746597246,0.43x,3.111111111111111,0.5555555555555556
27992.51,54363.0,39133.58,13.0,2023-08-08,0,0,1.398001822630411,1.40x,1.4615384615384615,0.5384615384615384
20907.43,46236.0,26088.6,11.0,2023-08-09,0,0,1.2478147720690682,1.25x,2.3636363636363638,0.7272727272727273
27043.86,50146.0,32139.739999999998,11.0,2023-08-10,0,0,1.1884302019016515,1.19x,2.909090909090909,0.45454545454545453
33052.37,34403.0,12131.03,6.0,2023-08-11,0,0,0.36702451291692545,0.37x,4.333333333333333,0.6666666666666666
27259.68,54736.0,17074.17,9.0,2023-08-12,0,0,0.6263525470585127,0.63x,2.888888888888889,0.5555555555555556
34965.06,58835.0,18869.92,6.0,2023-08-13,0,0,0.5396793255896029,0.54x,8.833333333333334,0.6666666666666666
33369.14,51099.0,20961.32,9.0,2023-08-14,0,0,0.6281648253446148,0.63x,0.7777777777777778,0.4444444444444444
25533.21,48218.0,16647.47,7.0,2023-08-15,0,0,0.6519928359967274,0.65x,7.142857142857143,0.8571428571428571
25485.27,60840.0,23704.61,11.0,2023-08-16,0,0,0.9301298357835722,0.93x,4.363636363636363,0.45454545454545453
22302.86,58275.0,18827.219999999998,11.0,2023-08-17,0,0,0.8441616904737776,0.84x,4.090909090909091,0.45454545454545453
27400.19,26661.0,35875.2,14.0,2023-08-18,0,0,1.3093047894923355,1.31x,2.4285714285714284,0.5714285714285714
23260.72,48330.0,20133.35,10.0,2023-08-19,0,0,0.865551453265419,0.87x,5.6,0.7
25656.06,50969.0,16038.36,8.0,2023-08-20,0,0,0.6251295015680506,0.63x,8.375,0.75
25668.3,62212.0,17872.67,10.0,2023-08-21,0,0,0.6962934826225343,0.70x,3.1,0.6
22622.58,57002.0,11715.07,8.0,2023-08-22,0,0,0.5178485389376455,0.52x,8.125,0.875
26992.9,49015.0,20452.78,8.0,2023-08-23,0,0,0.7577096199370945,0.76x,3.125,0.625
24381.05,41005.0,31269.04,14.0,2023-08-24,0,0,1.2825140836838447,1.28x,2.2857142857142856,0.5714285714285714
18616.670000000002,40907.0,21630.8,9.0,2023-08-25,0,0,1.1619048949140742,1.16x,7.777777777777778,0.5555555555555556
26587.82,49770.0,28890.78,13.0,2023-08-26,0,0,1.08661710512558,1.09x,3.5384615384615383,0.6153846153846154
24758.54,56760.0,19112.81,9.0,2023-08-27,0,0,0.7719683793955541,0.77x,1.5555555555555556,0.4444444444444444
32729.73,45073.0,13845.74,6.0,2023-08-28,0,0,0.4230325150864367,0.42x,5.166666666666667,0.6666666666666666
18329.57,54045.0,17695.9,7.0,2023-08-29,0,0,0.9654290853522478,0.97x,1.7142857142857142,0.7142857142857143
31241.5,39789.0,16119.24,8.0,2023-08-30,0,0,0.5159560200374502,0.52x,1.375,0.625
28029.55,26192.0,17446.489999999998,10.0,2023-08-31,0,0,0.6224320404715737,0.62x,4.9,0.7
34442.15,47527.0,9978.38,7.0,2023-09-01,0,0,0.2897142019299027,0.29x,5.714285714285714,0.8571428571428571
30014.53,45824.0,4103.63,3.0,2023-09-02,0,0,0.13672144791206126,0.14x,5.333333333333333,0.3333333333333333
28646.77,41499.0,8861.119999999999,3.0,2023-09-03,0,0,0.30932352931936125,0.31x,-1.6666666666666667,0.3333333333333333
25437.1,40904.0,27852.09,9.0,2023-09-04,0,0,1.0949396747270719,1.09x,4.222222222222222,0.5555555555555556
23831.33,38307.0,31699.2,13.0,2023-09-05,0,0,1.330148170496569,1.33x,1.4615384615384615,0.5384615384615384
30829.42,46524.0,30013.22,13.0,2023-09-06,0,0,0.9735252885068874,0.97x,3.3846153846153846,0.5384615384615384
29589.9,47218.0,26540.34,12.0,2023-09-07,0,0,0.8969391582938773,0.90x,2.4166666666666665,0.8333333333333334
31330.18,59520.0,13188.92,7.0,2023-09-08,0,0,0.4209653439590835,0.42x,0.0,0.42857142857142855
22202.78,62126.0,45957.15,16.0,2023-09-09,0,0,2.069882690365801,2.07x,7.375,0.875
33371.97,59178.0,19435.92,13.0,2023-09-10,0,0,0.5824025372191093,0.58x,8.384615384615385,0.8461538461538461
26072.78,47098.0,11582.31,8.0,2023-09-11,0,0,0.44422995936758564,0.44x,2.875,0.25
30990.47,46081.0,14016.93,7.0,2023-09-12,0,0,0.4522980774412263,0.45x,1.8571428571428572,0.5714285714285714
26895.49,66800.0,12388.32,6.0,2023-09-13,0,0,0.4606095668827747,0.46x,-0.3333333333333333,0.3333333333333333
33067.89,50625.0,19349.47,9.0,2023-09-14,0,0,0.5851437754268567,0.59x,0.4444444444444444,0.3333333333333333
28345.6,57449.0,15944.9,11.0,2023-09-15,0,0,0.5625176394219914,0.56x,1.7272727272727273,0.5454545454545454
25581.21,40576.0,20139.61,7.0,2023-09-16,0,0,0.787281367847729,0.79x,1.2857142857142858,0.42857142857142855
21316.829999999998,42103.0,10423.78,5.0,2023-09-17,0,0,0.48899296940492565,0.49x,8.0,0.4
28606.72,54973.0,20852.29,8.0,2023-09-18,0,0,0.728929775940758,0.73x,2.625,0.375
27381.55,53082.0,17223.45,8.0,2023-09-19,0,0,0.6290166188546668,0.63x,2.375,0.625
28625.64,52167.0,6984.67,7.0,2023-09-20,0,0,0.24400048348264006,0.24x,-0.7142857142857143,0.2857142857142857
20521.65,46073.0,15945.1,6.0,2023-09-21,0,0,0.7769891797199543,0.78x,7.833333333333333,1.0
31822.739999999998,47503.0,17894.25,8.0,2023-09-22,0,0,0.5623101593388878,0.56x,4.5,0.625
24200.11,58522.0,33269.94,12.0,2023-09-23,0,0,1.374784660069727,1.37x,6.666666666666667,0.75
26417.86,38067.0,23294.010000000002,8.0,2023-09-24,0,0,0.8817523448152121,0.88x,6.0,0.625
31135.1,68686.0,18041.239999999998,8.0,2023-09-25,0,0,0.5794502025045688,0.58x,3.0,0.625
28052.45,52528.0,11044.689999999999,8.0,2023-09-26,0,0,0.39371570041119397,0.39x,5.0,0.875
34146.08,62730.0,27776.5,14.0,2023-09-27,0,0,0.8134608716432457,0.81x,10.214285714285714,0.8571428571428571
23269.73,51048.0,27741.36,13.0,2023-09-28,0,0,1.1921651003256162,1.19x,0.15384615384615385,0.38461538461538464
26693.73,53746.0,10815.1,6.0,2023-09-29,0,0,0.4051550682501097,0.41x,1.5,0.5
27737.6,54192.0,18759.92,7.0,2023-09-30,0,0,0.6763353714813105,0.68x,6.714285714285714,0.5714285714285714
28623.0,57990.0,12167.19,5.0,2023-10-01,0,0,0.4250843727072634,0.43x,0.8,0.4
24191.82,36929.0,20554.38,11.0,2023-10-02,0,0,0.8496417384057917,0.85x,1.3636363636363635,0.45454545454545453
27205.96,42055.0,26717.9,14.0,2023-10-03,0,0,0.9820605484974617,0.98x,-1.0,0.21428571428571427
23717.61,56963.0,26763.11,13.0,2023-10-04,0,0,1.1284066986513397,1.13x,4.6923076923076925,0.5384615384615384
25792.23,50528.0,9733.029999999999,6.0,2023-10-05,0,0,0.37736287246197786,0.38x,0.3333333333333333,0.6666666666666666
35959.86,42309.0,10176.67,3.0,2023-10-06,0,0,0.28300082369619906,0.28x,1.3333333333333333,0.6666666666666666
28459.02,52860.0,17029.99,10.0,2023-10-07,0,0,0.5984039506630938,0.60x,7.6,0.7
31638.39,56896.0,18737.1,7.0,2023-10-08,0,0,0.5922267220297872,0.59x,6.428571428571429,0.42857142857142855
23460.22,47700.0,30026.25,14.0,2023-10-09,0,0,1.279879302069631,1.28x,7.357142857142857,0.7142857142857143
30683.08,46235.0,19663.16,8.0,2023-10-10,0,0,0.6408470075364011,0.64x,7.5,0.625
33847.15,39305.0,19964.79,8.0,2023-10-11,0,0,0.5898514350543547,0.59x,1.25,0.375
26858.190000000002,42757.0,20807.48,10.0,2023-10-12,0,0,0.7747163900471327,0.77x,5.0,0.5
33469.18,38905.0,17064.96,6.0,2023-10-13,0,0,0.5098708722472436,0.51x,5.666666666666667,0.8333333333333334
28376.440000000002,43152.0,17861.0,7.0,2023-10-14,0,0,0.6294306121557178,0.63x,0.2857142857142857,0.5714285714285714
27411.52,45076.0,39761.91,14.0,2023-10-15,0,0,1.4505547302739872,1.45x,4.214285714285714,0.6428571428571429
31970.65,39774.0,20995.25,8.0,2023-10-16,0,0,0.6567038830927742,0.66x,4.625,0.5
28469.93,54990.0,17675.22,9.0,2023-10-17,0,0,0.6208381966516954,0.62x,4.333333333333333,0.6666666666666666
22808.77,49087.0,17895.28,5.0,2023-10-18,0,0,0.7845789141632801,0.78x,5.8,0.6
28012.04,37740.0,14243.109999999999,7.0,2023-10-19,0,0,0.5084638605399677,0.51x,7.571428571428571,0.5714285714285714
25397.98,51864.0,7694.66,5.0,2023-10-20,0,0,0.3029634640235168,0.30x,5.0,0.4
24130.879999999997,46335.0,12429.53,6.0,2023-10-21,0,0,0.5150881360315083,0.52x,0.6666666666666666,0.3333333333333333
31381.84,40108.0,15084.74,7.0,2023-10-22,0,0,0.48068373301246836,0.48x,2.0,0.42857142857142855
28127.99,54906.0,19699.4,8.0,2023-10-23,0,0,0.7003486562672981,0.70x,0.375,0.5
25338.31,52013.0,43298.4,14.0,2023-10-24,0,0,1.7088116768640056,1.71x,4.142857142857143,0.7142857142857143
20544.98,48388.0,6651.62,5.0,2023-10-25,0,0,0.32375889390011575,0.32x,10.2,0.8
23026.54,59174.0,12391.1,5.0,2023-10-26,0,0,0.538122531652606,0.54x,6.4,0.8
29841.329999999998,53272.0,13285.71,5.0,2023-10-27,0,0,0.4452117248125335,0.45x,3.2,0.6
20895.260000000002,70212.0,24443.89,12.0,2023-10-28,0,0,1.1698294254294992,1.17x,1.5833333333333333,0.4166666666666667
28225.18,45178.0,24464.32,8.0,2023-10-29,0,0,0.8667551455827739,0.87x,7.625,0.625
28290.489999999998,68221.0,5676.2,7.0,2023-10-30,0,0,0.20063986166376052,0.20x,1.2857142857142858,0.7142857142857143
26898.88,42460.0,15412.48,7.0,2023-10-31,0,0,0.572978503194185,0.57x,4.714285714285714,0.8571428571428571
30811.7,46102.0,36846.909999999996,13.0,2023-11-01,0,0,1.1958739699529723,1.20x,5.923076923076923,0.5384615384615384
24856.31,60073.0,27729.57,13.0,2023-11-02,0,0,1.1155947926301208,1.12x,6.076923076923077,0.6153846153846154
24992.83,43801.0,18702.13,11.0,2023-11-03,0,0,0.7482998123861924,0.75x,2.272727272727273,0.45454545454545453
25400.42,51912.0,19178.85,11.0,2023-11-04,0,0,0.7550603493957974,0.76x,4.090909090909091,0.5454545454545454
27152.96,50661.0,18776.07,7.0,2023-11-05,0,0,0.6914925665562797,0.69x,8.0,0.5714285714285714
26553.37,45953.0,11947.92,8.0,2023-11-06,0,0,0.44995870580645697,0.45x,1.0,0.625
23133.199999999997,32413.0,14412.78,4.0,2023-11-07,0,0,0.6230344267113933,0.62x,2.75,0.5
27633.87,39318.0,17520.98,8.0,2023-11-08,0,0,0.6340400385468992,0.63x,9.0,0.875
26610.6,56668.0,9853.69,4.0,2023-11-09,0,0,0.3702919137486566,0.37x,0.25,0.25
23963.78,48812.0,23339.88,9.0,2023-11-10,0,0,0.9739648753243437,0.97x,10.444444444444445,0.8888888888888888
27338.68,51872.0,11665.21,6.0,2023-11-11,0,0,0.4266925103918697,0.43x,-0.8333333333333334,0.3333333333333333
25125.47,47679.0,10328.97,7.0,2023-11-12,0,0,0.41109559343566504,0.41x,8.571428571428571,0.8571428571428571
24030.39,51919.0,12797.08,8.0,2023-11-13,0,0,0.5325373412582983,0.53x,8.25,0.625
26407.489999999998,47166.0,13408.75,6.0,2023-11-14,0,0,0.5077631384126247,0.51x,4.166666666666667,0.6666666666666666
30008.01,54431.0,26980.24,12.0,2023-11-15,0,0,0.8991012732933641,0.90x,3.0833333333333335,0.5
34609.34,50177.0,32331.69,13.0,2023-11-16,0,0,0.9341897302866798,0.93x,12.0,0.9230769230769231
25633.19,44916.0,22103.72,11.0,2023-11-17,0,0,0.8623085928828992,0.86x,2.272727272727273,0.6363636363636364
21935.079999999998,38316.0,8875.279999999999,5.0,2023-11-18,0,0,0.4046158026321308,0.40x,8.2,0.6
21020.04,65297.0,25207.2,11.0,2023-11-19,0,0,1.1991984791655963,1.20x,6.909090909090909,0.8181818181818182
22218.25,51178.0,24489.52,8.0,2023-11-20,0,0,1.1022254227943244,1.10x,5.25,0.625
31615.24,53823.0,20105.3,9.0,2023-11-21,0,0,0.6359369721691184,0.64x,4.666666666666667,0.4444444444444444
30750.52,48004.0,32158.1,14.0,2023-11-22,0,0,1.04577418528207,1.05x,8.428571428571429,0.7142857142857143
26580.78,53674.0,7195.16,4.0,2023-11-23,0,0,0.2706903258670363,0.27x,1.5,0.75
22566.18,47692.0,17537.2,10.0,2023-11-24,0,0,0.7771452678300005,0.78x,5.6,0.8
24554.78,44814.0,25910.510000000002,9.0,2023-11-25,0,0,1.0552124677964942,1.06x,5.222222222222222,0.8888888888888888
27864.38,51311.0,12458.84,9.0,2023-11-26,0,0,0.44712424966929104,0.45x,7.0,0.6666666666666666
31203.77,57342.0,21186.09,12.0,2023-11-27,0,0,0.6789593052377966,0.68x,5.5,0.5833333333333334
21856.57,51437.0,16618.86,7.0,2023-11-28,0,0,0.7603599283876656,0.76x,3.4285714285714284,0.5714285714285714
22474.940000000002,31218.0,12976.14,9.0,2023-11-29,0,0,0.5773603844993579,0.58x,1.3333333333333333,0.4444444444444444
28216.510000000002,57472.0,15141.1,7.0,2023-11-30,0,0,0.5366042788424223,0.54x,2.142857142857143,0.5714285714285714
28940.39,48902.0,18359.0,8.0,2023-12-01,0,0,0.6343729300123461,0.63x,0.375,0.5
26293.78,59159.0,6372.54,7.0,2023-12-02,0,0,0.2423592195568686,0.24x,4.285714285714286,0.7142857142857143
26716.81,44277.0,28684.78,9.0,2023-12-03,0,0,1.0736603658894905,1.07x,6.111111111111111,0.8888888888888888
25456.83,54350.0,15480.73,6.0,2023-12-04,0,0,0.6081169572173754,0.61x,6.0,0.6666666666666666
28920.850000000002,44007.0,17006.96,8.0,2023-12-05,0,0,0.5880518726109363,0.59x,6.875,0.75
22782.7,51837.0,17263.67,11.0,2023-12-06,0,0,0.7577534708353267,0.76x,6.363636363636363,0.6363636363636364
34506.159999999996,53966.0,25146.53,13.0,2023-12-07,0,0,0.7287548078372094,0.73x,4.076923076923077,0.46153846153846156
30312.09,49830.0,16343.32,9.0,2023-12-08,0,0,0.5391683648339656,0.54x,5.777777777777778,0.7777777777777778
24098.66,52217.0,30189.84,14.0,2023-12-09,0,0,1.252760111973031,1.25x,7.5,0.7142857142857143
24797.91,49059.0,40425.03,16.0,2023-12-10,0,0,1.6301789142714043,1.63x,2.8125,0.5625
24679.14,53109.0,15774.8,6.0,2023-12-11,0,0,0.6391956932048686,0.64x,-1.6666666666666667,0.16666666666666666
24441.09,48912.0,27438.16,10.0,2023-12-12,0,0,1.1226242364804515,1.12x,7.7,0.7
26591.53,50210.0,25473.87,10.0,2023-12-13,0,0,0.9579693233146043,0.96x,4.1,0.4
28300.36,44333.0,13443.93,8.0,2023-12-14,0,0,0.47504448706659563,0.48x,5.875,0.75
27470.57,46503.0,14753.44,9.0,2023-12-15,0,0,0.5370634828472799,0.54x,9.333333333333334,0.8888888888888888
27147.2,61931.0,8788.49,4.0,2023-12-16,0,0,0.32373467613602874,0.32x,-0.25,0.5
29038.49,46381.0,19061.49,9.0,2023-12-17,0,0,0.656421528805389,0.66x,2.4444444444444446,0.6666666666666666
22467.79,58501.0,17081.78,7.0,2023-12-18,0,0,0.7602786032805184,0.76x,6.857142857142857,0.7142857142857143
28179.67,50803.0,15773.93,7.0,2023-12-19,0,0,0.5597627651423882,0.56x,6.714285714285714,0.8571428571428571
29424.84,40027.0,26479.17,9.0,2023-12-20,0,0,0.8998917241351184,0.90x,4.333333333333333,0.5555555555555556
27510.190000000002,51867.0,40654.6,15.0,2023-12-21,0,0,1.4778014982811822,1.48x,6.2,0.6
20562.79,48900.0,19611.22,7.0,2023-12-22,0,0,0.9537236921643415,0.95x,7.714285714285714,0.5714285714285714
23122.55,58493.0,18388.9,8.0,2023-12-23,0,0,0.7952799323604015,0.80x,5.75,0.625
22376.350000000002,45938.0,30343.11,12.0,2023-12-24,0,0,1.3560348314179926,1.36x,7.416666666666667,0.8333333333333334
27580.99,55960.0,16238.76,8.0,2023-12-25,0,0,0.5887663930845122,0.59x,3.125,0.75
27025.5,32154.0,7539.699999999999,3.0,2023-12-26,0,0,0.27898466263343874,0.28x,6.0,1.0
26639.46,49468.0,16627.58,7.0,2023-12-27,0,0,0.6241710605245002,0.62x,8.857142857142858,0.7142857142857143
25697.26,45928.0,28709.42,10.0,2023-12-28,0,0,1.1172171663438049,1.12x,0.6,0.4
22174.28,56249.0,3454.6,3.0,2023-12-29,0,0,0.1557931080513099,0.16x,4.333333333333333,1.0
33558.25,61015.0,22399.86,10.0,2023-12-30,0,0,0.6674918984154419,0.67x,6.8,0.6
25037.92,38402.0,12399.82,5.0,2023-12-31,0,0,0.4952416175145539,0.50x,2.2,0.4
21986.46,32605.0,13164.580000000002,9.0,2024-01-01,0,0,0.5987585086457757,0.60x,0.8888888888888888,0.5555555555555556
29728.56,52285.0,5479.5,5.0,2024-01-02,0,0,0.18431770660940186,0.18x,2.8,0.6
26032.16,55934.0,22864.08,10.0,2024-01-03,0,0,0.8783013011597962,0.88x,5.0,0.6
29162.42,49446.0,16613.16,11.0,2024-01-04,0,0,0.569677002114365,0.57x,8.909090909090908,0.7272727272727273
26153.17,34094.0,16832.98,7.0,2024-01-05,0,0,0.6436305809200186,0.64x,4.571428571428571,0.42857142857142855
22411.48,57745.0,15620.67,7.0,2024-01-06,0,0,0.6969941297941947,0.70x,8.714285714285714,0.8571428571428571
27324.9,45268.0,33084.43,13.0,2024-01-07,0,0,1.2107795453963235,1.21x,5.153846153846154,0.6923076923076923
28432.82,45553.0,17998.77,9.0,2024-01-08,0,0,0.6330279585352421,0.63x,10.0,0.6666666666666666
28799.67,35848.0,5308.15,4.0,2024-01-09,0,0,0.18431287580725753,0.18x,0.25,0.5
26255.62,41028.0,35728.97,14.0,2024-01-10,0,0,1.3608122756194674,1.36x,5.857142857142857,0.7142857142857143
30702.739999999998,58216.0,9509.63,7.0,2024-01-11,0,0,0.30973229099422395,0.31x,7.571428571428571,0.8571428571428571
24994.75,54374.0,20046.71,7.0,2024-01-12,0,0,0.8020368277338241,0.80x,3.0,0.2857142857142857
29371.14,54540.0,29506.01,13.0,2024-01-13,0,0,1.004591922547099,1.00x,1.6923076923076923,0.6153846153846154
29893.74,33622.0,12354.28,6.0,2024-01-14,0,0,0.41327314681936755,0.41x,5.666666666666667,1.0
25879.670000000002,39838.0,7552.950000000001,4.0,2024-01-15,0,0,0.2918487755060246,0.29x,5.0,0.75
28743.54,42386.0,26519.68,13.0,2024-01-16,0,0,0.9226309633399365,0.92x,8.923076923076923,0.6923076923076923
26618.0,53891.0,12326.8,10.0,2024-01-17,0,0,0.463100157787963,0.46x,7.1,0.8
25554.61,47356.0,21052.920000000002,9.0,2024-01-18,0,0,0.8238403951380985,0.82x,8.333333333333334,0.7777777777777778
25591.05,44502.0,14353.25,7.0,2024-01-19,0,0,0.5608699135049168,0.56x,3.2857142857142856,0.7142857142857143
30853.36,46457.0,20720.5,9.0,2024-01-20,0,0,0.6715800159204702,0.67x,3.0,0.5555555555555556
25931.66,44490.0,8568.25,4.0,2024-01-21,0,0,0.33041656415362536,0.33x,9.5,1.0
29892.129999999997,54211.0,23532.34,9.0,2024-01-22,0,0,0.787241993126619,0.79x,0.2222222222222222,0.2222222222222222
19687.53,43759.0,8919.3,9.0,2024-01-23,0,0,0.4530431191723898,0.45x,5.222222222222222,0.6666666666666666
22109.1,36125.0,20933.14,10.0,2024-01-24,0,0,0.946811041607302,0.95x,7.0,0.8
33313.82,33629.0,25620.53,10.0,2024-01-25,0,0,0.7690661113015559,0.77x,4.1,0.6
23722.36,42439.0,19907.28,8.0,2024-01-26,0,0,0.8391778895523042,0.84x,0.5,0.5
29088.0,46412.0,22339.55,9.0,2024-01-27,0,0,0.7679988311331133,0.77x,4.333333333333333,0.7777777777777778
24063.14,41042.0,13942.810000000001,6.0,2024-01-28,0,0,0.5794260433177051,0.58x,2.3333333333333335,0.6666666666666666
23813.82,61479.0,20400.2,9.0,2024-01-29,0,0,0.8566538253837478,0.86x,1.5555555555555556,0.4444444444444444
28902.690000000002,49842.0,19217.48,11.0,2024-01-30,0,0,0.6649028170042304,0.66x,3.8181818181818183,0.7272727272727273
25998.92,43576.0,20404.66,11.0,2024-01-31,0,0,0.7848272158997375,0.78x,6.909090909090909,0.8181818181818182
27983.03,38144.0,20975.57,9.0,2024-02-01,0,0,0.7495818001124253,0.75x,8.88888888888889,0.7777777777777778
26372.92,50313.0,21013.21,11.0,2024-02-02,0,0,0.7967722193826091,0.80x,1.9090909090909092,0.45454545454545453
24504.98,42703.0,31527.35,12.0,2024-02-03,0,0,1.2865690973834707,1.29x,6.916666666666667,0.6666666666666666
24152.08,58366.0,15518.83,7.0,2024-02-04,0,0,0.6425463148515572,0.64x,3.2857142857142856,0.8571428571428571
27104.559999999998,51825.0,6353.5,3.0,2024-02-05,0,0,0.23440705180235358,0.23x,-1.6666666666666667,0.3333333333333333
20122.2,57137.0,21923.56,10.0,2024-02-06,0,0,1.0895210265279145,1.09x,6.8,0.5
25004.76,39887.0,9304.44,5.0,2024-02-07,0,0,0.3721067508746335,0.37x,-0.4,0.4
30367.01,55329.0,21445.38,12.0,2024-02-08,0,0,0.7062065050197567,0.71x,2.75,0.3333333333333333
22684.94,35910.0,25053.13,10.0,2024-02-09,0,0,1.1043948099488032,1.10x,3.8,0.5
29161.45,38516.0,33523.08,16.0,2024-02-10,0,0,1.1495683513679875,1.15x,5.9375,0.75
26616.82,48316.0,24429.510000000002,10.0,2024-02-11,0,0,0.917822264267482,0.92x,2.4,0.4
20362.87,38964.0,17189.39,7.0,2024-02-12,0,0,0.8441535991733975,0.84x,6.285714285714286,0.7142857142857143
22849.39,47719.0,22753.6,12.0,2024-02-13,0,0,0.9958077655464762,1.00x,3.5833333333333335,0.5
26173.809999999998,39589.0,9468.44,3.0,2024-02-14,0,0,0.36175245407527606,0.36x,0.3333333333333333,0.6666666666666666
26994.22,56857.0,8848.9,4.0,2024-02-15,0,0,0.3278072120624341,0.33x,1.5,0.75
23974.03,48063.0,27044.2,11.0,2024-02-16,0,0,1.1280623241065437,1.13x,1.3636363636363635,0.45454545454545453
28327.21,37141.0,20740.65,9.0,2024-02-17,0,0,0.732181178449978,0.73x,5.777777777777778,0.4444444444444444
28591.940000000002,46454.0,16796.75,8.0,2024-02-18,0,0,0.5874645092288245,0.59x,4.125,0.625
27686.37,47486.0,11838.210000000001,6.0,2024-02-19,0,0,0.42758259750194777,0.43x,5.0,0.8333333333333334
32847.4,39302.0,23894.52,11.0,2024-02-20,0,0,0.7274402235793396,0.73x,6.545454545454546,0.9090909090909091
17346.38,47515.0,29935.170000000002,12.0,2024-02-21,0,0,1.725730094694109,1.73x,1.0833333333333333,0.5
31429.390000000003,49219.0,16554.52,7.0,2024-02-22,0,0,0.52672100858464,0.53x,3.142857142857143,0.42857142857142855
22709.21,45149.0,15409.789999999999,9.0,2024-02-23,0,0,0.6785700603411567,0.68x,9.0,0.7777777777777778
29265.2,44885.0,17708.809999999998,10.0,2024-02-24,0,0,0.6051149488129245,0.61x,5.2,0.7
31799.17,58418.0,20579.97,7.0,2024-02-25,0,0,0.6471857598798963,0.65x,8.857142857142858,0.8571428571428571
30562.29,48875.0,6050.47,5.0,2024-02-26,0,0,0.19797174884473645,0.20x,7.6,0.8
25836.239999999998,55568.0,25697.64,14.0,2024-02-27,0,0,0.9946354423089429,0.99x,2.2142857142857144,0.6428571428571429
30973.449999999997,27991.0,10654.25,7.0,2024-02-28,0,0,0.34398008617057513,0.34x,4.714285714285714,0.42857142857142855
26785.0,44420.0,12857.27,5.0,2024-02-29,0,0,0.48001754713459027,0.48x,5.8,0.6
29679.84,50447.0,12714.92,8.0,2024-03-01,0,0,0.4284025789896441,0.43x,3.125,0.625
30830.41,44477.0,16595.5,8.0,2024-03-02,0,0,0.5382834675244345,0.54x,7.625,0.75
30681.76,37284.0,26268.55,12.0,2024-03-03,0,0,0.8561617716845449,0.86x,7.666666666666667,0.5833333333333334
25401.52,47835.0,26393.48,12.0,2024-03-04,0,0,1.0390512063844999,1.04x,2.4166666666666665,0.5
31135.309999999998,44075.0,13403.17,6.0,2024-03-05,0,0,0.4304813409598299,0.43x,3.3333333333333335,0.6666666666666666
25729.28,60640.0,17580.46,7.0,2024-03-06,0,0,0.6832861238246853,0.68x,1.4285714285714286,0.42857142857142855
28000.72,56122.0,6221.04,3.0,2024-03-07,0,0,0.22217428694690708,0.22x,0.3333333333333333,0.3333333333333333
27746.65,60406.0,23313.53,11.0,2024-03-08,0,0,0.8402286402142239,0.84x,5.363636363636363,0.6363636363636364
33542.69,65932.0,20671.22,8.0,2024-03-09,0,0,0.6162660180206179,0.62x,-0.875,0.375
25652.559999999998,34375.0,18267.74,11.0,2024-03-10,0,0,0.7121215192557782,0.71x,5.636363636363637,0.6363636363636364
26028.63,50315.0,19038.03,9.0,2024-03-11,0,0,0.7314265099622992,0.73x,5.555555555555555,0.6666666666666666
26528.9,52039.0,13918.47,6.0,2024-03-12,0,0,0.5246531141509825,0.52x,7.166666666666667,0.6666666666666666
29339.38,39928.0,23159.26,8.0,2024-03-13,0,0,0.7893575119855974,0.79x,1.25,0.5
29866.49,50093.0,16355.2,7.0,2024-03-14,0,0,0.5476103820703404,0.55x,0.0,0.42857142857142855
31968.1,51665.0,35743.57,15.0,2024-03-15,0,0,1.1181011696034484,1.12x,4.533333333333333,0.6666666666666666
20367.27,44467.0,19555.329999999998,11.0,2024-03-16,0,0,0.9601350598288331,0.96x,1.5454545454545454,0.36363636363636365
33058.97,50081.0,1357.9499999999998,2.0,2024-03-17,0,0,0.04107659736525366,0.04x,13.5,0.5
34784.32,44382.0,3717.87,4.0,2024-03-18,0,0,0.10688350383161148,0.11x,2.75,0.25
29535.15,50966.0,20084.66,8.0,2024-03-19,0,0,0.6800256643355459,0.68x,3.375,0.5
31459.38,64083.0,5698.04,3.0,2024-03-20,0,0,0.18112372208225336,0.18x,10.0,1.0
27575.74,46887.0,17708.6,7.0,2024-03-21,0,0,0.6421804093017992,0.64x,4.857142857142857,0.5714285714285714
30704.059999999998,52207.0,17829.14,8.0,2024-03-22,0,0,0.5806769528199203,0.58x,0.375,0.375
23638.97,36239.0,9496.83,9.0,2024-03-23,0,0,0.40174466146367627,0.40x,1.8888888888888888,0.6666666666666666
33414.13,44123.0,23367.35,7.0,2024-03-24,0,0,0.6993254051504558,0.70x,3.142857142857143,0.7142857142857143
29078.3,49986.0,9939.45,4.0,2024-03-25,0,0,0.34181674994755545,0.34x,11.75,1.0
28157.82,50902.0,14760.48,7.0,2024-03-26,0,0,0.5242053539656124,0.52x,3.2857142857142856,0.5714285714285714
30646.32,56881.0,21048.239999999998,14.0,2024-03-27,0,0,0.6868113365650427,0.69x,4.142857142857143,0.7142857142857143
24090.27,62153.0,14080.17,6.0,2024-03-28,0,0,0.5844753919320954,0.58x,1.1666666666666667,0.5
24622.5,58095.0,16329.65,8.0,2024-03-29,0,0,0.6632003249060818,0.66x,6.875,0.75
22518.2,52435.0,11637.630000000001,5.0,2024-03-30,0,0,0.5168099581671715,0.52x,6.4,0.8
27098.3,58017.0,46926.32,17.0,2024-03-31,0,0,1.7317071550613876,1.73x,2.235294117647059,0.5882352941176471
28833.95,37713.0,4353.35,2.0,2024-04-01,0,0,0.15098000794202668,0.15x,1.0,0.5
31573.46,34834.0,9032.87,5.0,2024-04-02,0,0,0.2860905963426245,0.29x,3.2,0.8
21905.16,49566.0,16445.760000000002,10.0,2024-04-03,0,0,0.7507710512043738,0.75x,2.8,0.3
29909.739999999998,67487.0,22635.329999999998,9.0,2024-04-04,0,0,0.7567879225964519,0.76x,3.0,0.5555555555555556
20251.97,54231.0,12425.86,5.0,2024-04-05,0,0,0.6135630262142399,0.61x,6.4,0.6
28637.66,48326.0,20280.89,7.0,2024-04-06,0,0,0.7081894959294859,0.71x,10.142857142857142,0.8571428571428571
29870.64,46196.0,28635.51,9.0,2024-04-07,0,0,0.9586507018262749,0.96x,3.6666666666666665,0.5555555555555556
29616.88,44115.0,17347.010000000002,7.0,2024-04-08,0,0,0.5857136200707165,0.59x,8.285714285714286,0.7142857142857143
29490.620000000003,47712.0,16807.1,10.0,2024-04-09,0,0,0.5699134165371904,0.57x,3.4,0.8
25211.760000000002,54940.0,23203.37,10.0,2024-04-10,0,0,0.9203391591860305,0.92x,3.7,0.5
23898.91,44754.0,16356.070000000002,8.0,2024-04-11,0,0,0.684385605870728,0.68x,2.625,0.5
25696.48,52316.0,21460.83,9.0,2024-04-12,0,0,0.8351661394868092,0.84x,5.777777777777778,0.6666666666666666
26000.0,47768.0,18921.33,9.0,2024-04-13,0,0,0.7277434615384616,0.73x,6.777777777777778,0.6666666666666666
24591.38,59363.0,11478.52,6.0,2024-04-14,0,0,0.46677006333113474,0.47x,1.3333333333333333,0.3333333333333333
26289.1,44925.0,36575.78,11.0,2024-04-15,0,0,1.3912906870147703,1.39x,1.4545454545454546,0.5454545454545454
29938.57,59315.0,18678.61,7.0,2024-04-16,0,0,0.6238978682014539,0.62x,3.4285714285714284,0.42857142857142855
28885.77,44994.0,12995.14,7.0,2024-04-17,0,0,0.4498803390042917,0.45x,-0.8571428571428571,0.42857142857142855
30227.54,29264.0,28502.05,15.0,2024-04-18,0,0,0.942916625037962,0.94x,4.6,0.5333333333333333
21341.25,40395.0,27611.12,14.0,2024-04-19,0,0,1.2937911321970361,1.29x,4.142857142857143,0.7142857142857143
35170.25,52802.0,19963.7,10.0,2024-04-20,0,0,0.5676303125510908,0.57x,4.4,0.6
28154.81,43322.0,15689.7,7.0,2024-04-21,0,0,0.5572653482655362,0.56x,-1.8571428571428572,0.2857142857142857
27291.01,65658.0,14518.91,9.0,2024-04-22,0,0,0.5320033959901082,0.53x,2.888888888888889,0.5555555555555556
23061.23,39812.0,19882.12,8.0,2024-04-23,0,0,0.8621448205494676,0.86x,6.875,0.875
30852.11,53913.0,23296.41,10.0,2024-04-24,0,0,0.7550994081117952,0.76x,3.7,0.5
20957.98,61790.0,10936.38,5.0,2024-04-25,0,0,0.5218241452659083,0.52x,6.4,0.8
23196.79,55216.0,14030.83,7.0,2024-04-26,0,0,0.6048608449703601,0.60x,0.2857142857142857,0.42857142857142855
31430.87,46439.0,19983.11,6.0,2024-04-27,0,0,0.6357797286552997,0.64x,2.5,0.5
24889.43,44929.0,11847.91,6.0,2024-04-28,0,0,0.47602174899143934,0.48x,2.3333333333333335,0.5
25785.74,44999.0,11225.79,6.0,2024-04-29,0,0,0.43534876253309,0.44x,4.166666666666667,0.6666666666666666
28488.739999999998,39956.0,13633.39,7.0,2024-04-30,0,0,0.47855363206656387,0.48x,5.142857142857143,0.8571428571428571
32446.83,43161.0,22576.11,10.0,2024-05-01,0,0,0.6957878473798519,0.70x,1.3,0.4
27922.64,49078.0,15990.68,9.0,2024-05-02,0,0,0.572677941627296,0.57x,1.8888888888888888,0.5555555555555556
30852.27,49836.0,38012.1,15.0,2024-05-03,0,0,1.2320681752104463,1.23x,1.3333333333333333,0.5333333333333333
22388.56,39365.0,12496.32,7.0,2024-05-04,0,0,0.5581564870630357,0.56x,9.0,0.8571428571428571
29694.969999999998,47316.0,9593.88,4.0,2024-05-05,0,0,0.32308097970801114,0.32x,-0.25,0.5
29335.42,49808.0,24998.510000000002,10.0,2024-05-06,0,0,0.8521613121612032,0.85x,8.2,0.7
24415.33,61984.0,11310.77,7.0,2024-05-07,0,0,0.46326508795908145,0.46x,6.428571428571429,0.7142857142857143
20386.03,34398.0,7123.889999999999,5.0,2024-05-08,0,0,0.3494495985731405,0.35x,7.6,0.6
26966.519999999997,48141.0,14953.43,7.0,2024-05-09,0,0,0.5545183434866643,0.55x,3.4285714285714284,0.42857142857142855
29429.89,45337.0,2260.1,4.0,2024-05-10,0,0,0.07679607365165143,0.08x,1.0,0.25
29600.34,48048.0,12345.83,6.0,2024-05-11,0,0,0.41708406052092645,0.42x,2.5,0.5
32131.97,59582.0,24719.34,12.0,2024-05-12,0,0,0.7693067060625289,0.77x,5.333333333333333,0.5833333333333334
31345.73,57596.0,23068.920000000002,8.0,2024-05-13,0,0,0.7359509572755205,0.74x,3.5,0.5
33081.3,46192.0,15122.03,6.0,2024-05-14,0,0,0.45711716286844833,0.46x,5.333333333333333,0.6666666666666666
18766.0,58444.0,18937.12,8.0,2024-05-15,0,0,1.009118618778642,1.01x,7.0,0.625
25810.85,50101.0,26851.260000000002,10.0,2024-05-16,0,0,1.0403090173318585,1.04x,4.4,0.7
28136.29,47971.0,28202.489999999998,9.0,2024-05-17,0,0,1.0023528332982066,1.00x,-0.7777777777777778,0.2222222222222222
30223.02,45289.0,15110.72,9.0,2024-05-18,0,0,0.4999738609841108,0.50x,6.555555555555555,0.5555555555555556
25062.51,54051.0,27765.190000000002,12.0,2024-05-19,0,0,1.107837562957581,1.11x,8.666666666666666,0.8333333333333334
26816.88,46607.0,16868.86,9.0,2024-05-20,0,0,0.6290388740226305,0.63x,6.555555555555555,0.7777777777777778
25704.16,55608.0,14231.29,6.0,2024-05-21,0,0,0.553657073407573,0.55x,9.5,0.8333333333333334
26632.94,58185.0,21364.559999999998,8.0,2024-05-22,0,0,0.8021855641923121,0.80x,1.125,0.625
28579.23,49844.0,27551.56,10.0,2024-05-23,0,0,0.96404136850433,0.96x,5.6,0.8
31341.25,42910.0,17181.94,9.0,2024-05-24,0,0,0.5482212738802695,0.55x,7.111111111111111,0.7777777777777778
25182.07,46037.0,12070.94,8.0,2024-05-25,0,0,0.47934661447609356,0.48x,4.875,0.75
32510.62,45094.0,21651.5,10.0,2024-05-26,0,0,0.6659823774508146,0.67x,7.6,0.8
21710.76,49539.0,24500.31,10.0,2024-05-27,0,0,1.1284869806492266,1.13x,5.9,0.4
18429.89,46079.0,23445.47,11.0,2024-05-28,0,0,1.2721437838207392,1.27x,5.545454545454546,0.7272727272727273
30835.82,55009.0,10359.210000000001,3.0,2024-05-29,0,0,0.3359472846838515,0.34x,15.333333333333334,1.0
29168.78,52082.0,14237.4,11.0,2024-05-30,0,0,0.488104061945683,0.49x,4.909090909090909,0.6363636363636364
29793.73,45280.0,19261.879999999997,10.0,2024-05-31,0,0,0.6465078390654677,0.65x,4.0,0.4
20714.72,48729.0,19559.94,9.0,2024-06-01,0,0,0.9442531687611514,0.94x,1.5555555555555556,0.5555555555555556
27894.53,38258.0,36633.52,10.0,2024-06-02,0,0,1.3132868702215093,1.31x,3.2,0.4
23851.02,55906.0,25385.07,11.0,2024-06-03,0,0,1.0643180040098914,1.06x,5.181818181818182,0.6363636363636364
32843.88,48987.0,7760.09,3.0,2024-06-04,0,0,0.2362720238899911,0.24x,7.666666666666667,1.0
31696.85,31610.0,11462.53,5.0,2024-06-05,0,0,0.3616299411455713,0.36x,0.6,0.4
26515.15,38117.0,27774.57,11.0,2024-06-06,0,0,1.0474981284284643,1.05x,2.5454545454545454,0.5454545454545454
21569.09,55138.0,10128.09,6.0,2024-06-07,0,0,0.4695650117830655,0.47x,1.6666666666666667,0.5
30767.87,47561.0,14797.24,9.0,2024-06-08,0,0,0.4809315691986478,0.48x,3.0,0.5555555555555556
25246.56,38838.0,18302.15,10.0,2024-06-09,0,0,0.7249363873731709,0.72x,7.2,0.7
33567.33,55595.0,15824.84,7.0,2024-06-10,0,0,0.4714357680518528,0.47x,3.2857142857142856,0.42857142857142855
27755.57,47735.0,13770.52,8.0,2024-06-11,0,0,0.49613537030585214,0.50x,4.25,0.75
21991.82,42081.0,13836.05,7.0,2024-06-12,0,0,0.6291452912946722,0.63x,2.2857142857142856,0.5714285714285714
19260.38,64573.0,18554.72,11.0,2024-06-13,0,0,0.963362093582785,0.96x,3.1818181818181817,0.45454545454545453
30899.3,58557.0,6930.88,3.0,2024-06-14,0,0,0.22430540497681178,0.22x,0.6666666666666666,0.6666666666666666
25203.28,40338.0,14229.02,7.0,2024-06-15,0,0,0.5645701670576211,0.56x,2.2857142857142856,0.5714285714285714
22360.04,49174.0,21156.15,10.0,2024-06-16,0,0,0.9461588619698355,0.95x,7.7,0.6
26274.27,46301.0,35209.5,13.0,2024-06-17,0,0,1.3400752903886577,1.34x,5.538461538461538,0.6153846153846154
28163.65,54761.0,13974.300000000001,9.0,2024-06-18,0,0,0.4961821354831494,0.50x,4.888888888888889,0.7777777777777778
24853.92,52020.0,9857.43,7.0,2024-06-19,0,0,0.3966146990092509,0.40x,5.142857142857143,0.5714285714285714
29608.61,68343.0,17183.84,6.0,2024-06-20,0,0,0.5803663191213637,0.58x,1.6666666666666667,0.5
32059.53,48890.0,33892.07,15.0,2024-06-21,0,0,1.0571605385356555,1.06x,5.4,0.9333333333333333
26701.58,46254.0,7002.81,5.0,2024-06-22,0,0,0.26226200846541664,0.26x,9.6,0.6
26467.010000000002,50597.0,31942.53,15.0,2024-06-23,0,0,1.2068809434839824,1.21x,7.333333333333333,0.7333333333333333
28749.329999999998,53227.0,19822.64,10.0,2024-06-24,0,0,0.6894991987639364,0.69x,3.5,0.4
27546.23,50054.0,11356.71,4.0,2024-06-25,0,0,0.41227819560063206,0.41x,0.0,0.5
21564.29,45139.0,21241.91,11.0,2024-06-26,0,0,0.985050284521308,0.99x,4.7272727272727275,0.7272727272727273
28187.44,56584.0,14877.23,7.0,2024-06-27,0,0,0.5277964228039155,0.53x,4.428571428571429,0.8571428571428571
25514.36,36554.0,18031.04,7.0,2024-06-28,0,0,0.7067016378227791,0.71x,9.571428571428571,0.7142857142857143
28255.66,44589.0,26556.74,10.0,2024-06-29,0,0,0.9398732855647329,0.94x,1.7,0.6
27150.07,51731.0,2020.72,2.0,2024-06-30,0,0,0.0744278007386353,0.07x,8.5,1.0
31379.58,47235.0,21899.32,8.0,2024-07-01,0,0,0.697884420377838,0.70x,5.0,0.75
21994.89,47826.0,7192.08,4.0,2024-07-02,0,0,0.3269886778247129,0.33x,1.75,0.25
37142.380000000005,43270.0,22785.98,9.0,2024-07-03,0,0,0.6134765731221316,0.61x,7.555555555555555,0.7777777777777778
30561.91,37335.0,9550.26,6.0,2024-07-04,0,0,0.3124889772923224,0.31x,2.3333333333333335,0.3333333333333333
32843.770000000004,59905.0,22990.14,11.0,2024-07-05,0,0,0.6999848068598701,0.70x,5.181818181818182,0.6363636363636364
26633.42,46492.0,13859.03,7.0,2024-07-06,0,0,0.5203623868057501,0.52x,1.4285714285714286,0.5714285714285714
32692.92,49165.0,18852.29,9.0,2024-07-07,0,0,0.5766474820848062,0.58x,3.888888888888889,0.7777777777777778
28588.47,39117.0,10441.58,6.0,2024-07-08,0,0,0.3652374541204898,0.37x,2.3333333333333335,0.5
29172.41,45785.0,23419.2,9.0,2024-07-09,0,0,0.8027859199839849,0.80x,1.5555555555555556,0.6666666666666666
26109.02,53178.0,33971.12,17.0,2024-07-10,0,0,1.3011258178208145,1.30x,6.0588235294117645,0.7058823529411765
28496.14,49163.0,38758.21,14.0,2024-07-11,0,0,1.3601214059167313,1.36x,7.785714285714286,0.6428571428571429
24550.73,56944.0,38119.47,12.0,2024-07-12,0,0,1.552681732885336,1.55x,5.333333333333333,0.5833333333333334
31045.65,56471.0,15266.49,6.0,2024-07-13,0,0,0.4917432877069734,0.49x,3.0,0.5
26056.760000000002,46192.0,21593.84,11.0,2024-07-14,0,0,0.8287231413268572,0.83x,1.7272727272727273,0.45454545454545453
29062.65,60130.0,15838.18,7.0,2024-07-15,0,0,0.5449668216766193,0.54x,4.285714285714286,0.7142857142857143
23784.89,50681.0,9977.73,9.0,2024-07-16,0,0,0.41949868172608745,0.42x,3.2222222222222223,0.5555555555555556
23587.02,48572.0,28158.82,10.0,2024-07-17,0,0,1.193826943802142,1.19x,5.8,0.8
29468.32,41609.0,14192.38,6.0,2024-07-18,0,0,0.4816148324709383,0.48x,2.8333333333333335,0.3333333333333333
26327.47,40637.0,44301.95,16.0,2024-07-19,0,0,1.6827272047029205,1.68x,3.0625,0.75
25804.45,49516.0,10273.029999999999,4.0,2024-07-20,0,0,0.39811079096822444,0.40x,2.75,0.5
27292.190000000002,43272.0,22844.07,11.0,2024-07-21,0,0,0.8370185756438013,0.84x,2.4545454545454546,0.5454545454545454
26992.0,39405.0,13495.1,8.0,2024-07-22,0,0,0.4999666567871962,0.50x,4.0,0.5
22371.809999999998,56200.0,21329.35,9.0,2024-07-23,0,0,0.9534029656071636,0.95x,8.444444444444445,0.8888888888888888
32528.72,52419.0,15873.7,9.0,2024-07-24,0,0,0.48799030518262015,0.49x,1.3333333333333333,0.5555555555555556
25599.19,32302.0,15555.71,8.0,2024-07-25,0,0,0.6076641487484565,0.61x,7.625,0.625
33456.33,62629.0,11522.29,6.0,2024-07-26,0,0,0.34439790616603794,0.34x,2.5,0.5
25157.27,51494.0,11268.24,6.0,2024-07-27,0,0,0.44791187597064386,0.45x,7.833333333333333,1.0
34505.32,59279.0,10985.14,5.0,2024-07-28,0,0,0.3183607629200367,0.32x,1.8,0.6
24300.8,44921.0,13163.810000000001,6.0,2024-07-29,0,0,0.54170274229655,0.54x,9.833333333333334,0.8333333333333334
32001.21,55926.0,8559.380000000001,3.0,2024-07-30,0,0,0.26747051127129257,0.27x,3.3333333333333335,0.6666666666666666
28671.79,58710.0,7074.09,4.0,2024-07-31,0,0,0.24672648620822069,0.25x,10.5,0.75
27898.54,51650.0,23384.18,9.0,2024-08-01,0,0,0.838186514419751,0.84x,4.555555555555555,0.6666666666666666
23928.79,57624.0,7487.630000000001,3.0,2024-08-02,0,0,0.3129130223467213,0.31x,1.6666666666666667,0.6666666666666666
26205.16,43632.0,9050.939999999999,6.0,2024-08-03,0,0,0.345387702269324,0.35x,3.3333333333333335,0.6666666666666666
23447.13,41597.0,35742.22,15.0,2024-08-04,0,0,1.5243750514455288,1.52x,1.6666666666666667,0.5333333333333333
28494.74,61984.0,14163.04,10.0,2024-08-05,0,0,0.4970405064232908,0.50x,5.8,0.6
21276.69,59437.0,16472.06,10.0,2024-08-06,0,0,0.7741833903675808,0.77x,3.6,0.8
30387.98,41219.0,14966.439999999999,5.0,2024-08-07,0,0,0.492511841853259,0.49x,9.6,0.8
27079.57,54042.0,15754.99,7.0,2024-08-08,0,0,0.5818035515334993,0.58x,4.428571428571429,0.42857142857142855
26903.67,53033.0,22440.94,10.0,2024-08-09,0,0,0.8341218874599636,0.83x,8.1,0.7
27400.02,56161.0,17659.64,11.0,2024-08-10,0,0,0.6445119383124538,0.64x,6.090909090909091,0.6363636363636364
31624.98,46588.0,22875.41,10.0,2024-08-11,0,0,0.7233335799738055,0.72x,2.2,0.8
25241.38,50332.0,13565.85,5.0,2024-08-12,0,0,0.5374448623648944,0.54x,8.4,0.8
24085.190000000002,55069.0,13036.15,6.0,2024-08-13,0,0,0.541251698657972,0.54x,3.5,0.5
25600.260000000002,48231.0,19482.72,8.0,2024-08-14,0,0,0.7610360207279144,0.76x,4.0,0.625
25446.2,43539.0,27026.22,14.0,2024-08-15,0,0,1.0620925717788903,1.06x,4.214285714285714,0.5714285714285714
25759.47,41297.0,6298.85,4.0,2024-08-16,0,0,0.24452560553458594,0.24x,12.25,0.75
27566.98,53180.0,13507.38,7.0,2024-08-17,0,0,0.48998403162043863,0.49x,6.857142857142857,0.8571428571428571
28213.29,50664.0,11339.31,6.0,2024-08-18,0,0,0.40191377893184377,0.40x,0.16666666666666666,0.5
24661.22,48641.0,21015.02,8.0,2024-08-19,0,0,0.8521484338568813,0.85x,5.25,0.75
23092.66,46993.0,20222.59,7.0,2024-08-20,0,0,0.8757150540474765,0.88x,0.7142857142857143,0.42857142857142855
25977.74,38479.0,16077.24,6.0,2024-08-21,0,0,0.6188852455987318,0.62x,5.0,0.6666666666666666
23130.82,49848.0,8355.5,5.0,2024-08-22,0,0,0.3612280066162808,0.36x,2.8,0.8
29605.74,56317.0,17716.15,10.0,2024-08-23,0,0,0.5984025395075414,0.60x,4.8,0.7
24662.47,48069.0,11866.94,6.0,2024-08-24,0,0,0.48117402677023025,0.48x,9.666666666666666,0.8333333333333334
25042.71,45434.0,30269.1,10.0,2024-08-25,0,0,1.20869905852841,1.21x,4.8,0.8
24128.69,37530.0,15457.44,7.0,2024-08-26,0,0,0.6406249158159851,0.64x,4.714285714285714,0.5714285714285714
28220.38,37717.0,37163.76,15.0,2024-08-27,0,0,1.3169121039475726,1.32x,3.2666666666666666,0.4666666666666667
30802.98,55905.0,17459.88,8.0,2024-08-28,0,0,0.5668243786802446,0.57x,3.625,0.375
22887.8,54108.0,8103.89,6.0,2024-08-29,0,0,0.3540702907225684,0.35x,2.3333333333333335,0.5
27823.11,54823.0,19622.13,8.0,2024-08-30,0,0,0.7052457471504803,0.71x,4.0,0.75
26938.68,60000.0,18610.96,9.0,2024-08-31,0,0,0.6908638433657477,0.69x,5.444444444444445,0.6666666666666666
28027.13,52949.0,5001.870000000001,4.0,2024-09-01,0,0,0.17846529416319118,0.18x,0.25,0.25
35047.09,57147.0,13496.85,9.0,2024-09-02,0,0,0.38510615289315037,0.39x,3.5555555555555554,0.5555555555555556
27687.33,49576.0,7820.15,6.0,2024-09-03,0,0,0.28244507505779715,0.28x,2.0,0.5
31152.9,53616.0,15367.64,8.0,2024-09-04,0,0,0.4932972532252214,0.49x,4.875,0.625
20771.55,39972.0,7649.96,4.0,2024-09-05,0,0,0.3682902816592888,0.37x,7.75,0.75
25661.99,47708.0,10138.779999999999,5.0,2024-09-06,0,0,0.3950893909630546,0.40x,4.8,1.0
31489.7,58783.0,22593.23,7.0,2024-09-07,0,0,0.7174800013972823,0.72x,7.285714285714286,0.7142857142857143
26775.949999999997,49479.0,29052.79,11.0,2024-09-08,0,0,1.085033024038363,1.09x,5.454545454545454,0.6363636363636364
30326.13,51471.0,21358.91,11.0,2024-09-09,0,0,0.7043071437074232,0.70x,7.909090909090909,0.8181818181818182
24954.66,61835.0,33150.16,15.0,2024-09-10,0,0,1.3284156145585635,1.33x,6.933333333333334,0.6666666666666666
29203.85,43800.0,16750.28,8.0,2024-09-11,0,0,0.5735641019934016,0.57x,4.75,0.625
30015.28,59076.0,18987.57,9.0,2024-09-12,0,0,0.6325967973645423,0.63x,2.4444444444444446,0.6666666666666666
21517.97,51462.0,16253.27,7.0,2024-09-13,0,0,0.7553347272070738,0.76x,3.2857142857142856,0.5714285714285714
26613.57,45109.0,12936.07,7.0,2024-09-14,0,0,0.48607045202879584,0.49x,7.0,0.7142857142857143
23283.1,62162.0,9760.4,5.0,2024-09-15,0,0,0.4192053463671075,0.42x,3.2,0.6
34942.17,36091.0,19413.97,9.0,2024-09-16,0,0,0.5556028718307994,0.56x,5.444444444444445,0.8888888888888888
32831.47,50827.0,20923.95,9.0,2024-09-17,0,0,0.6373138333434354,0.64x,4.888888888888889,0.7777777777777778
25798.06,46865.0,24111.55,10.0,2024-09-18,0,0,0.9346264796655251,0.93x,2.0,0.6
29416.36,50338.0,6034.3,4.0,2024-09-19,0,0,0.20513414984042894,0.21x,3.0,0.75
25143.55,33584.0,16629.07,8.0,2024-09-20,0,0,0.6613652407873988,0.66x,4.625,0.75
24932.1,34972.0,26104.26,10.0,2024-09-21,0,0,1.0470140902691711,1.05x,6.7,0.7
20405.37,53877.0,9458.26,4.0,2024-09-22,0,0,0.46351818173353393,0.46x,6.25,1.0
28111.97,41362.0,16903.97,8.0,2024-09-23,0,0,0.6013086240487593,0.60x,4.375,0.75
27009.1,52375.0,10246.119999999999,4.0,2024-09-24,0,0,0.3793580682066415,0.38x,2.75,0.5
29506.9,50595.0,26457.97,11.0,2024-09-25,0,0,0.8966706092473286,0.90x,5.545454545454546,0.5454545454545454
25306.78,39801.0,23343.34,10.0,2024-09-26,0,0,0.9224144675853665,0.92x,6.4,0.7
31879.05,59988.0,9366.37,9.0,2024-09-27,0,0,0.2938095708623689,0.29x,12.444444444444445,0.8888888888888888
27500.06,45009.0,17786.59,11.0,2024-09-28,0,0,0.6467836797446987,0.65x,0.0,0.36363636363636365
31558.12,48253.0,21669.68,9.0,2024-09-29,0,0,0.6866594081016233,0.69x,5.222222222222222,0.4444444444444444
27539.420000000002,50126.0,29927.7,15.0,2024-09-30,0,0,1.0867222330753517,1.09x,3.6666666666666665,0.7333333333333333
25351.06,49591.0,17297.760000000002,7.0,2024-10-01,0,0,0.6823288651441005,0.68x,2.142857142857143,0.5714285714285714
21409.0,45961.0,14502.99,7.0,2024-10-02,0,0,0.6774249147554766,0.68x,7.0,0.8571428571428571
27564.59,49289.0,5663.21,5.0,2024-10-03,0,0,0.2054523575355193,0.21x,6.0,0.8
27900.920000000002,41911.0,11134.32,6.0,2024-10-04,0,0,0.3990664107133384,0.40x,0.8333333333333334,0.3333333333333333
26678.98,47725.0,18054.22,8.0,2024-10-05,0,0,0.6767207741825213,0.68x,4.5,0.625
27702.52,52421.0,16828.77,8.0,2024-10-06,0,0,0.6074815576344679,0.61x,5.75,0.75
26778.190000000002,49047.0,16339.0,7.0,2024-10-07,0,0,0.610160731550564,0.61x,4.428571428571429,0.42857142857142855
26545.48,55903.0,15328.47,6.0,2024-10-08,0,0,0.5774418093023747,0.58x,6.666666666666667,0.6666666666666666
23840.12,47112.0,11812.83,5.0,2024-10-09,0,0,0.49550211995577204,0.50x,6.6,0.6
31592.61,36072.0,29800.41,10.0,2024-10-10,0,0,0.9432715435666759,0.94x,7.1,0.9
37052.82,43932.0,13910.3,7.0,2024-10-11,0,0,0.37541811932263186,0.38x,1.4285714285714286,0.42857142857142855
27686.4,46558.0,8761.380000000001,4.0,2024-10-12,0,0,0.3164506761442441,0.32x,10.75,0.75
25985.07,62844.0,23464.260000000002,13.0,2024-10-13,0,0,0.9029900631401032,0.90x,3.1538461538461537,0.5384615384615384
25273.95,56875.0,7654.59,6.0,2024-10-14,0,0,0.3028648074400717,0.30x,-0.5,0.5
30299.530000000002,40247.0,23262.489999999998,12.0,2024-10-15,0,0,0.7677508529010185,0.77x,4.0,0.5
25989.239999999998,45473.0,30525.17,10.0,2024-10-16,0,0,1.1745310751680311,1.17x,5.8,0.5
23955.66,49805.0,19938.54,10.0,2024-10-17,0,0,0.8323101930817185,0.83x,6.6,0.6
22624.260000000002,46180.0,9155.29,4.0,2024-10-18,0,0,0.4046669371727517,0.40x,0.25,0.75
29056.309999999998,44200.0,22008.15,9.0,2024-10-19,0,0,0.7574310020783782,0.76x,6.888888888888889,0.8888888888888888
23590.07,56619.0,5231.3099999999995,4.0,2024-10-20,0,0,0.22175898587838017,0.22x,1.25,0.5
23790.55,61828.0,28930.83,14.0,2024-10-21,0,0,1.2160639413548657,1.22x,10.357142857142858,0.7857142857142857
27451.73,61370.0,11293.689999999999,6.0,2024-10-22,0,0,0.4114017586505477,0.41x,4.0,0.6666666666666666
26064.68,58630.0,10314.59,5.0,2024-10-23,0,0,0.395730544169351,0.40x,11.4,1.0
27162.13,52645.0,30592.85,13.0,2024-10-24,0,0,1.1263052639833473,1.13x,4.230769230769231,0.6153846153846154
27239.32,52623.0,22477.7,9.0,2024-10-25,0,0,0.8251931399168555,0.83x,3.7777777777777777,0.4444444444444444
30715.19,46014.0,23652.489999999998,11.0,2024-10-26,0,0,0.7700583978155433,0.77x,2.5454545454545454,0.6363636363636364
28929.31,36628.0,11797.07,5.0,2024-10-27,0,0,0.4077895393979324,0.41x,0.4,0.4
25260.54,23415.0,17221.29,8.0,2024-10-28,0,0,0.6817467085026686,0.68x,9.0,0.875
21373.32,36618.0,11223.88,7.0,2024-10-29,0,0,0.525135074943902,0.53x,6.714285714285714,0.7142857142857143
22826.59,46722.0,23835.14,13.0,2024-10-30,0,0,1.0441831215262551,1.04x,5.384615384615385,0.7692307692307693
23216.41,45663.0,25689.95,8.0,2024-10-31,0,0,1.1065427428271641,1.11x,5.25,0.625
27251.15,56098.0,14781.03,9.0,2024-11-01,0,0,0.5424002289811622,0.54x,5.555555555555555,0.6666666666666666
25426.16,50744.0,10794.55,5.0,2024-11-02,0,0,0.4245450355067379,0.42x,5.0,0.4
29445.68,60812.0,28761.95,12.0,2024-11-03,0,0,0.9767799554977165,0.98x,4.333333333333333,0.6666666666666666
24065.03,46722.0,13820.119999999999,4.0,2024-11-04,0,0,0.5742822676722198,0.57x,4.25,1.0
29540.260000000002,36836.0,0.0,0.0,2024-11-05,0,1,0.0,0 (no sales),,
